{
  "3": {
    "avg": 0.1608277628058426,
    "up_pct": 0.5369588998280982,
    "n": 19197
  },
  "1": {
    "avg": -0.03232175501827447,
    "up_pct": 0.4933569826980355,
    "n": 29881
  },
  "2": {
    "avg": 0.12004358054858139,
    "up_pct": 0.5214922952149229,
    "n": 8631
  },
  "4": {
    "avg": 0.02696394349631876,
    "up_pct": 0.5116557734204793,
    "n": 9180
  },
  "3p": {
    "avg": -0.12575356613042832,
    "up_pct": 0.5540540540540541,
    "n": 370
  },
  "5": {
    "avg": -0.2260106249579941,
    "up_pct": 0.3902439024390244,
    "n": 41
  }
}